{
  "timeslots": [
    { 
      "startTime": "T14:00:00Z",
      "endTime": "T14:40:00Z"
    },
    {
      "startTime": "T14:45:00Z",
      "endTime": "T15:25:00Z"
    },
    {
      "startTime": "T15:30:00Z",
      "endTime": "T16:10:00Z"
    },
    {
      "startTime": "T16:15:00Z",
      "endTime": "T16:55:00Z"
    },
    {
      "startTime": "T17:00:00Z",
      "endTime": "T17:40:00Z"
    },
    {
      "startTime": "T17:45:00Z",
      "endTime": "T18:25:00Z"
    },
    {
      "startTime": "T18:30:00Z",
      "endTime": "T19:10:00Z"
    },
    {
      "startTime": "T19:15:00Z",
      "endTime": "T19:55:00Z"
    },
    {
      "startTime": "T20:00:00Z",
      "endTime": "T20:40:00Z"
    },
    {
      "startTime": "T20:45:00Z",
      "endTime": "T21:25:00Z"
    },
    {
      "startTime": "T21:30:00Z",
      "endTime": "T22:10:00Z"
    }
  ]
}